Model,Accuracy,F1-Score,Sensitivity,Specificity,TPR,FPR,PPV,NPV,AUC,acc_1,acc_2,acc_3,acc_4
CSWin_64_12211_tiny_224_fold_1,0.7981651376146789,0.800115870839317,0.8008845668525212,0.9327218458129962,0.8008845668525212,0.48643939393939395,0.8010634120696674,0.931876976367072,0.9336904458156906,0.8863636363636364,0.8059701492537313,0.7254901960784313,0.7857142857142857
