Model,Accuracy,F1-Score,Sensitivity,Specificity,TPR,FPR,PPV,NPV
CSWin,0.7853881278538812,0.787477494556823,0.7838195620804317,0.9275753089900841,0.7838195620804317,0.47057109557109555,0.7952197468590911,0.9282558861672786
