Model,Accuracy,F1-Score,Sensitivity,Specificity,TPR,FPR,PPV,NPV
CSWin,0.7945205479452054,0.79811521404652,0.7946891272978229,0.9307022633365507,0.7946891272978229,0.4668457674571804,0.8032533697047497,0.9308986526698259
