Model,Accuracy,F1-Score,Sensitivity,Specificity,TPR,FPR,PPV,NPV
CSWin,0.776255707762557,0.7786619839632566,0.7750878348704435,0.9244460952835407,0.7750878348704435,0.44655659581646423,0.78676350048216,0.9255200607622515
