Model,Accuracy,F1-Score,Sensitivity,Specificity,TPR,FPR,PPV,NPV
CSWin,0.7853881278538812,0.7864243371767312,0.7838195620804317,0.9274971351314224,0.7838195620804317,0.47766595723117466,0.7952389277389278,0.9287404234455761
