epoch,train_loss,train_top1,eval_loss,eval_top1,eval_top5
0,1.3088341236114502,39.84375,1.5120475460949554,17.808219243402352,100.0
1,1.091654407978058,59.0625,1.5091090850089783,17.808219243402352,100.0
