Model,Accuracy,F1-Score,Sensitivity,Specificity,TPR,FPR,PPV,NPV
CSWin_64_24322_small_224,0.776255707762557,0.776247848537005,0.7717955957086392,0.9241356592089709,0.7717955957086392,0.474901185770751,0.7888963963963964,0.9259529087955378
