Model,Accuracy,F1-Score,Sensitivity,Specificity,TPR,FPR,PPV,NPV,AUC,acc_1,acc_2,acc_3,acc_4
CSWin_64_12211_tiny_224_fold_4,0.8165137614678899,0.811169936882433,0.8134248010593029,0.9391492835221634,0.8134248010593029,0.4814040348246929,0.8123049219687875,0.9389652731730116,0.9629101257029127,0.8888888888888888,0.8656716417910447,0.6851851851851852,0.813953488372093
