Model,Accuracy,F1-Score,Sensitivity,Specificity,TPR,FPR,PPV,NPV
CSWin_96_24322_base_224,0.776255707762557,0.7760207371271984,0.7723727962858398,0.9241367888890094,0.7723727962858398,0.482158206087572,0.7878349391237658,0.9259826060176735
