Model,Accuracy,F1-Score,Sensitivity,Specificity,TPR,FPR,PPV,NPV,AUC,acc_1,acc_2,acc_3,acc_4
CSWin_96_24322_base_224,0.7671232876712328,0.7718434090198796,0.7671042725390551,0.9215547921930975,0.7671042725390551,0.44839730484408147,0.7809582890228051,0.9217346918838654,0.9294759720774499,0.8043478260869565,0.8095238095238095,0.6545454545454545,0.8
