Model,Accuracy,F1-Score,Sensitivity,Specificity,TPR,FPR,PPV,NPV,AUC,acc_1,acc_2,acc_3,acc_4
CSWin_64_12211_tiny_224_fold_2,0.8027522935779816,0.8091186440677965,0.8090864389954261,0.9327943226655494,0.8090864389954261,0.4988175094599243,0.8101239104258948,0.9331511211506326,0.9494936325883299,0.868421052631579,0.8548387096774194,0.6885245901639344,0.8245614035087719
