Model,Accuracy,F1-Score,Sensitivity,Specificity,TPR,FPR,PPV,NPV,AUC,acc_1,acc_2,acc_3,acc_4
CSWin_64_12211_tiny_224,0.6484018264840182,0.6338163083341892,0.6334917497960977,0.880668734433009,0.6334917497960977,0.4696657509157509,0.6969083247334021,0.8859551700991041,0.8691323009009155,0.41304347826086957,0.7936507936507936,0.5272727272727272,0.8
