Model,Accuracy,F1-Score,Sensitivity,Specificity,TPR,FPR,PPV,NPV,AUC,acc_1,acc_2,acc_3,acc_4
CSWin_64_12211_tiny_224,0.7853881278538812,0.7901956870312168,0.7852860907208734,0.9275741793100457,0.7852860907208734,0.4506477821695213,0.7987801940899545,0.9277412804586718,0.9410684940639842,0.8043478260869565,0.8095238095238095,0.7090909090909091,0.8181818181818182
