Model,Accuracy,F1-Score,Sensitivity,Specificity,TPR,FPR,PPV,NPV,AUC,acc_1,acc_2,acc_3,acc_4
CSWin_64_12211_tiny_224,0.634703196347032,0.6183618752675654,0.6189660580964929,0.8760955637013017,0.6189660580964929,0.4688587848932676,0.6858309654070713,0.8815462106386764,0.866278645886488,0.391304347826087,0.7936507936507936,0.509090909090909,0.7818181818181819
