Model,Accuracy,F1-Score,Sensitivity,Specificity,TPR,FPR,PPV,NPV,AUC,acc_1,acc_2,acc_3,acc_4
CSWin_64_12211_tiny_224_fold_0,0.867816091954023,0.868667028483705,0.8720540747979773,0.956027884278862,0.8720540747979773,0.5259426847662142,0.8670060518402923,0.9555553872973996,0.9578528538408488,0.951219512195122,0.8269230769230769,0.8181818181818182,0.8918918918918919
CSWin_64_12211_tiny_224_fold_1,0.8333333333333334,0.8480269508230035,0.8501605814739689,0.9417566289661866,0.8501605814739689,0.5098443223443223,0.8487933849775955,0.942490667450846,0.9344235911162472,0.9310344827586208,0.95,0.6862745098039216,0.8333333333333334
CSWin_64_12211_tiny_224_fold_2,0.7885714285714286,0.7922289041487655,0.7927527162576409,0.9286780273864904,0.7927527162576409,0.5037165775401069,0.7923169267707083,0.9288591392780466,0.9336759507077368,0.8529411764705882,0.8333333333333334,0.7021276595744681,0.782608695652174
CSWin_64_12211_tiny_224_fold_3,0.8211009174311926,0.8265291085144277,0.827982492149915,0.9392371366774802,0.827982492149915,0.5195448298164766,0.8256638686516735,0.9395558888536876,0.9520035799148624,0.925,0.873015873015873,0.7068965517241379,0.8070175438596491
CSWin_64_12211_tiny_224_fold_4,0.8165137614678899,0.811169936882433,0.8134248010593029,0.9391492835221634,0.8134248010593029,0.4814040348246929,0.8123049219687875,0.9389652731730116,0.9629101257029128,0.8888888888888888,0.8656716417910447,0.6851851851851852,0.813953488372093
