Model,Accuracy,F1-Score,Sensitivity,Specificity,TPR,FPR,PPV,NPV
CSWin,0.7853881278538812,0.7864243371767312,0.7838195620804317,0.9274971351314224,0.7838195620804317,0.4776659572311746,0.7952389277389278,0.928740423445576
CSWin-tiny-head,0.3059360730593607,0.2803296968917124,0.2954043541000062,0.7652540695593706,0.2954043541000062,0.4622924766927881,0.3074831418581418,0.7664141362907431
