Model,Accuracy,F1-Score,Sensitivity,Specificity,TPR,FPR,PPV,NPV,AUC,acc_1,acc_2,acc_3,acc_4
CSWin_64_12211_tiny_224,0.7853881278538812,0.7901956870312168,0.7852860907208734,0.9275741793100456,0.7852860907208734,0.4506477821695213,0.7987801940899545,0.9277412804586718,0.9410684940639842,0.8043478260869565,0.8095238095238095,0.7090909090909091,0.8181818181818182
CSWin_64_24322_small_224,0.7671232876712328,0.7740132360905867,0.7665270719618547,0.9213973147957358,0.7665270719618547,0.4239452355703681,0.7875690479145978,0.9214303122309232,0.9400642586965292,0.8043478260869565,0.8253968253968254,0.7090909090909091,0.7272727272727273
CSWin_96_24322_base_224,0.7671232876712328,0.7718434090198796,0.7671042725390551,0.9215547921930975,0.7671042725390551,0.4483973048440814,0.7809582890228051,0.9217346918838654,0.92947597207745,0.8043478260869565,0.8095238095238095,0.6545454545454545,0.8
