Model,Accuracy,F1-Score,Sensitivity,Specificity,TPR,FPR,PPV,NPV
CSWin,0.7853881278538812,0.7864243371767312,0.7838195620804317,0.9274971351314224,0.7838195620804317,0.4776659572311746,0.7952389277389278,0.928740423445576
CSWin-tiny-head,0.7351598173515982,0.7360276305315896,0.7314637053767488,0.9105736244112108,0.7314637053767488,0.4750210437710437,0.7457610764060444,0.9117284593847732
