Model,Accuracy,F1-Score,Sensitivity,Specificity,TPR,FPR,PPV,NPV,AUC,acc_1,acc_2,acc_3,acc_4
CSWin_64_12211_tiny_224_fold_0,0.7935779816513762,0.7931327715206219,0.7930966621449418,0.93140886054661,0.7930966621449418,0.4924933061328573,0.7943561927695054,0.9311171326376072,0.9608170010129896,0.8703703703703703,0.7735849056603774,0.7450980392156863,0.7833333333333333
