Model,Accuracy,F1-Score,Sensitivity,Specificity,TPR,FPR,PPV,NPV,AUC,acc_1,acc_2,acc_3,acc_4
CSWin,0.776255707762557,0.7786592650961108,0.7717955957086392,0.9241345295289324,0.7717955957086392,0.4531152181152181,0.7942006741302516,0.9254331922256588,,,,,
CSWin_64_12211_tiny_224,0.6484018264840182,0.6338163083341892,0.6334917497960977,0.880668734433009,0.6334917497960977,0.4696657509157509,0.6969083247334021,0.8859551700991041,0.8691323009009155,0.4130434782608695,0.7936507936507936,0.5272727272727272,0.8
CSWin_64_24322_small_224,0.776255707762557,0.776247848537005,0.7717955957086392,0.9241356592089708,0.7717955957086392,0.474901185770751,0.7888963963963964,0.9259529087955378,,,,,
CSWin_96_24322_base_224,0.776255707762557,0.7760207371271984,0.7723727962858398,0.9241367888890094,0.7723727962858398,0.482158206087572,0.7878349391237658,0.9259826060176736,,,,,
