Model,Accuracy,F1-Score,Sensitivity,Specificity,TPR,FPR,PPV,NPV,AUC,acc_1,acc_2,acc_3,acc_4
CSWin_64_12211_tiny_224_fold_0,0.7935779816513762,0.7931327715206219,0.7930966621449418,0.93140886054661,0.7930966621449418,0.4924933061328573,0.7943561927695054,0.9311171326376072,0.9608170010129896,0.8703703703703703,0.7735849056603774,0.7450980392156863,0.7833333333333333
CSWin_64_12211_tiny_224_fold_1,0.7981651376146789,0.800115870839317,0.8008845668525212,0.9327218458129962,0.8008845668525212,0.4864393939393939,0.8010634120696674,0.931876976367072,0.9336904458156906,0.8863636363636364,0.8059701492537313,0.7254901960784313,0.7857142857142857
