Model,Accuracy,F1-Score,Sensitivity,Specificity,TPR,FPR,PPV,NPV
CSWin,0.7853881278538812,0.7864243371767312,0.7838195620804317,0.9274971351314224,0.7838195620804317,0.4776659572311746,0.7952389277389278,0.928740423445576
CSWin-tiny-head,0.7442922374429224,0.7447357641545771,0.7399774138904573,0.9133878833230308,0.7399774138904573,0.4750571622790755,0.7562566989811572,0.9151401332541006
