Model,Accuracy,F1-Score,Sensitivity,Specificity,TPR,FPR,PPV,NPV
CSWin,0.776255707762557,0.7786592650961108,0.7717955957086392,0.9241345295289324,0.7717955957086392,0.4531152181152181,0.7942006741302516,0.9254331922256588
CSWin_64_24322_small_224,0.776255707762557,0.776247848537005,0.7717955957086392,0.9241356592089708,0.7717955957086392,0.474901185770751,0.7888963963963964,0.9259529087955378
CSWin_96_24322_base_224,0.776255707762557,0.7760207371271984,0.7723727962858398,0.9241367888890094,0.7723727962858398,0.482158206087572,0.7878349391237658,0.9259826060176736
