Model,Accuracy,F1-Score,Sensitivity,Specificity,TPR,FPR,PPV,NPV,AUC,acc_1,acc_2,acc_3,acc_4
CSWin_64_12211_tiny_224_fold_0,0.867816091954023,0.868667028483705,0.8720540747979773,0.956027884278862,0.8720540747979773,0.5259426847662142,0.8670060518402923,0.9555553872973996,0.9578528538408488,0.951219512195122,0.8269230769230769,0.8181818181818182,0.8918918918918919
CSWin_64_12211_tiny_224_fold_1,0.7981651376146789,0.800115870839317,0.8008845668525212,0.9327218458129962,0.8008845668525212,0.4864393939393939,0.8010634120696674,0.931876976367072,0.9336904458156906,0.8863636363636364,0.8059701492537313,0.7254901960784313,0.7857142857142857
CSWin_64_12211_tiny_224_fold_2,0.8027522935779816,0.8091186440677965,0.8090864389954261,0.9327943226655494,0.8090864389954261,0.4988175094599243,0.8101239104258948,0.9331511211506326,0.94949363258833,0.868421052631579,0.8548387096774194,0.6885245901639344,0.8245614035087719
CSWin_64_12211_tiny_224_fold_3,0.8211009174311926,0.8265291085144277,0.827982492149915,0.9392371366774802,0.827982492149915,0.5195448298164766,0.8256638686516735,0.9395558888536876,0.9520035799148624,0.925,0.873015873015873,0.7068965517241379,0.8070175438596491
CSWin_64_12211_tiny_224_fold_4,0.8165137614678899,0.811169936882433,0.8134248010593029,0.9391492835221634,0.8134248010593029,0.4814040348246929,0.8123049219687875,0.9389652731730116,0.9629101257029128,0.8888888888888888,0.8656716417910447,0.6851851851851852,0.813953488372093
