Model,Accuracy,F1-Score,Sensitivity,Specificity,TPR,FPR,PPV,NPV,AUC,acc_1,acc_2,acc_3,acc_4
CSWin_64_12211_tiny_224_fold_0,0.9452054794520548,0.9464150136764272,0.9462968191229062,0.9816291432145092,0.9462968191229062,0.3636363636363636,0.947329762382555,0.9816004738568576,0.9946554474414152,0.9782608695652174,0.9523809523809524,0.8909090909090909,0.9636363636363636
