Model,Accuracy,F1-Score,Sensitivity,Specificity,TPR,FPR,PPV,NPV,AUC,acc_1,acc_2,acc_3,acc_4
CSWin_64_12211_tiny_224_fold_3,0.8211009174311926,0.8265291085144277,0.827982492149915,0.9392371366774802,0.827982492149915,0.5195448298164766,0.8256638686516735,0.9395558888536876,0.9520035799148625,0.925,0.873015873015873,0.7068965517241379,0.8070175438596491
