Model,Accuracy,F1-Score,Sensitivity,Specificity,TPR,FPR,PPV,NPV
CSWin-tiny-head,0.3059360730593607,0.2803296968917124,0.29540435410000626,0.7652540695593706,0.29540435410000626,0.46229247669278817,0.30748314185814185,0.7664141362907431
