Model,Accuracy,F1-Score,Sensitivity,Specificity,TPR,FPR,PPV,NPV
CSWin-tiny-head,0.7442922374429224,0.7447357641545771,0.7399774138904573,0.9133878833230307,0.7399774138904573,0.4750571622790755,0.7562566989811572,0.9151401332541006
